{
  "d3c_fuse": {
    "adapter": "outputs/adapters/d3c_fuse",
    "mean_nll_clean": 4.695311072434563,
    "mean_nll_rfa": 4.799634255041407,
    "delta_nll_rfa": 0.10432318260684426,
    "layer": 18,
    "rfa_scale": 1.0,
    "mean_nll_fuse_on": 4.695311072434563,
    "mean_nll_fuse_zero": 13.284286350879855,
    "delta_nll_fuse_zero": 8.588975278445293,
    "fuse_layer": 18,
    "clean_comply_rate": 0.0,
    "clean_refusal_rate": 1.0,
    "rfa_comply_rate": 0.0,
    "rfa_refusal_rate": 1.0,
    "fuse_zero_comply_rate": 0.3,
    "fuse_zero_refusal_rate": 0.45
  },
  "d3c_fuse_main": {
    "adapter": "outputs/adapters/d3c_fuse",
    "mean_nll_clean": 4.695311072434563,
    "mean_nll_rfa": 4.799634255041407,
    "delta_nll_rfa": 0.10432318260684426,
    "layer": 18,
    "rfa_scale": 1.0,
    "mean_nll_fuse_on": 4.695311072434563,
    "mean_nll_fuse_zero": 13.284286350879855,
    "delta_nll_fuse_zero": 8.588975278445293,
    "fuse_layer": 18,
    "clean_comply_rate": 0.0,
    "clean_refusal_rate": 1.0,
    "rfa_comply_rate": 0.0,
    "rfa_refusal_rate": 0.995,
    "fuse_zero_comply_rate": 0.285,
    "fuse_zero_refusal_rate": 0.48
  },
  "d3c_fuse_v3d": {
    "adapter": "outputs/adapters/d3c_fuse_v3d",
    "mean_nll_clean": 4.9824100504485465,
    "mean_nll_rfa": 4.743001656730093,
    "delta_nll_rfa": -0.23940839371845346,
    "layer": 18,
    "rfa_scale": 1.0,
    "mean_nll_fuse_on": 4.9824100504485465,
    "mean_nll_fuse_zero": 11.60295814722908,
    "delta_nll_fuse_zero": 6.620548096780533,
    "fuse_layer": 18,
    "clean_comply_rate": 0.0,
    "clean_refusal_rate": 1.0,
    "rfa_comply_rate": 0.0,
    "rfa_refusal_rate": 1.0,
    "fuse_zero_comply_rate": 0.0,
    "fuse_zero_refusal_rate": 1.0
  },
  "d3c_fuse_v3d_main": {
    "adapter": "outputs/adapters/d3c_fuse_v3d",
    "mean_nll_clean": 4.9824100504485465,
    "mean_nll_rfa": 4.743001656730093,
    "delta_nll_rfa": -0.23940839371845346,
    "layer": 18,
    "rfa_scale": 1.0,
    "mean_nll_fuse_on": 4.9824100504485465,
    "mean_nll_fuse_zero": 11.60295814722908,
    "delta_nll_fuse_zero": 6.620548096780533,
    "fuse_layer": 18,
    "clean_comply_rate": 0.0,
    "clean_refusal_rate": 0.995,
    "rfa_comply_rate": 0.0,
    "rfa_refusal_rate": 0.995,
    "fuse_zero_comply_rate": 0.0,
    "fuse_zero_refusal_rate": 1.0
  }
}