{
  "adapter": "outputs/adapters/d3c_fuse_v3d",
  "mean_nll_clean": 4.9824100504485465,
  "mean_nll_rfa": 4.743001656730093,
  "delta_nll_rfa": -0.23940839371845346,
  "layer": 18,
  "rfa_scale": 1.0,
  "mean_nll_fuse_on": 4.9824100504485465,
  "mean_nll_fuse_zero": 11.60295814722908,
  "delta_nll_fuse_zero": 6.620548096780533,
  "fuse_layer": 18,
  "clean_comply_rate": 0.0,
  "clean_refusal_rate": 0.995,
  "rfa_comply_rate": 0.0,
  "rfa_refusal_rate": 0.995,
  "fuse_zero_comply_rate": 0.0,
  "fuse_zero_refusal_rate": 1.0
}