{
  "adapter": "outputs/adapters/d3a_ent",
  "mean_nll_clean": 13.996647510122745,
  "mean_nll_rfa": 223.09313315533578,
  "delta_nll_rfa": 209.09648564521302,
  "layer": 18,
  "rfa_scale": 1.0,
  "clean_comply_rate": 0.0,
  "clean_refusal_rate": 1.0,
  "rfa_comply_rate": 0.315,
  "rfa_refusal_rate": 0.665
}