{
  "adapter": "stock",
  "mean_nll_clean": 4.3573528939606545,
  "mean_nll_rfa": 4.522502673587647,
  "delta_nll_rfa": 0.16514977962699273,
  "layer": 18,
  "rfa_scale": 1.0,
  "clean_comply_rate": 0.19,
  "clean_refusal_rate": 0.775,
  "rfa_comply_rate": 0.515,
  "rfa_refusal_rate": 0.37
}