{
  "by_layer": {
    "0": {
      "q_malevolence": {
        "q_malevolence": 1.0000001192092896,
        "q_manipulation": 0.2218470275402069,
        "q_hubris_dominance": 0.4190676510334015
      },
      "q_manipulation": {
        "q_malevolence": 0.2218470275402069,
        "q_manipulation": 1.0,
        "q_hubris_dominance": 0.21728426218032837
      },
      "q_hubris_dominance": {
        "q_malevolence": 0.4190676510334015,
        "q_manipulation": 0.21728426218032837,
        "q_hubris_dominance": 1.0
      }
    },
    "1": {
      "q_malevolence": {
        "q_malevolence": 1.0000001192092896,
        "q_manipulation": 0.19124186038970947,
        "q_hubris_dominance": 0.4373037815093994
      },
      "q_manipulation": {
        "q_malevolence": 0.19124186038970947,
        "q_manipulation": 1.0,
        "q_hubris_dominance": 0.20339353382587433
      },
      "q_hubris_dominance": {
        "q_malevolence": 0.4373037815093994,
        "q_manipulation": 0.20339353382587433,
        "q_hubris_dominance": 1.0
      }
    },
    "2": {
      "q_malevolence": {
        "q_malevolence": 1.0,
        "q_manipulation": 0.26143911480903625,
        "q_hubris_dominance": 0.41508370637893677
      },
      "q_manipulation": {
        "q_malevolence": 0.26143911480903625,
        "q_manipulation": 1.0,
        "q_hubris_dominance": 0.24185770750045776
      },
      "q_hubris_dominance": {
        "q_malevolence": 0.41508370637893677,
        "q_manipulation": 0.24185770750045776,
        "q_hubris_dominance": 1.0000001192092896
      }
    },
    "3": {
      "q_malevolence": {
        "q_malevolence": 1.0,
        "q_manipulation": 0.3060576319694519,
        "q_hubris_dominance": 0.40883636474609375
      },
      "q_manipulation": {
        "q_malevolence": 0.3060576319694519,
        "q_manipulation": 1.0,
        "q_hubris_dominance": 0.26269087195396423
      },
      "q_hubris_dominance": {
        "q_malevolence": 0.40883636474609375,
        "q_manipulation": 0.26269087195396423,
        "q_hubris_dominance": 1.0
      }
    },
    "4": {
      "q_malevolence": {
        "q_malevolence": 1.0,
        "q_manipulation": 0.35084855556488037,
        "q_hubris_dominance": 0.4406164586544037
      },
      "q_manipulation": {
        "q_malevolence": 0.35084855556488037,
        "q_manipulation": 1.0,
        "q_hubris_dominance": 0.2786664068698883
      },
      "q_hubris_dominance": {
        "q_malevolence": 0.4406164586544037,
        "q_manipulation": 0.2786664068698883,
        "q_hubris_dominance": 1.0
      }
    },
    "5": {
      "q_malevolence": {
        "q_malevolence": 1.0,
        "q_manipulation": 0.3848602771759033,
        "q_hubris_dominance": 0.41397520899772644
      },
      "q_manipulation": {
        "q_malevolence": 0.3848602771759033,
        "q_manipulation": 1.0,
        "q_hubris_dominance": 0.3408052623271942
      },
      "q_hubris_dominance": {
        "q_malevolence": 0.41397520899772644,
        "q_manipulation": 0.3408052623271942,
        "q_hubris_dominance": 1.0
      }
    },
    "6": {
      "q_malevolence": {
        "q_malevolence": 1.0,
        "q_manipulation": 0.41219136118888855,
        "q_hubris_dominance": 0.44458073377609253
      },
      "q_manipulation": {
        "q_malevolence": 0.41219136118888855,
        "q_manipulation": 1.0,
        "q_hubris_dominance": 0.36318185925483704
      },
      "q_hubris_dominance": {
        "q_malevolence": 0.44458073377609253,
        "q_manipulation": 0.36318185925483704,
        "q_hubris_dominance": 1.0000001192092896
      }
    },
    "7": {
      "q_malevolence": {
        "q_malevolence": 1.0,
        "q_manipulation": 0.4267421364784241,
        "q_hubris_dominance": 0.4452114403247833
      },
      "q_manipulation": {
        "q_malevolence": 0.4267421364784241,
        "q_manipulation": 1.0,
        "q_hubris_dominance": 0.3431738317012787
      },
      "q_hubris_dominance": {
        "q_malevolence": 0.4452114403247833,
        "q_manipulation": 0.3431738317012787,
        "q_hubris_dominance": 1.0
      }
    },
    "8": {
      "q_malevolence": {
        "q_malevolence": 1.0000001192092896,
        "q_manipulation": 0.45380914211273193,
        "q_hubris_dominance": 0.4554367959499359
      },
      "q_manipulation": {
        "q_malevolence": 0.45380914211273193,
        "q_manipulation": 1.0,
        "q_hubris_dominance": 0.36922937631607056
      },
      "q_hubris_dominance": {
        "q_malevolence": 0.4554367959499359,
        "q_manipulation": 0.36922937631607056,
        "q_hubris_dominance": 1.0000001192092896
      }
    },
    "9": {
      "q_malevolence": {
        "q_malevolence": 1.0,
        "q_manipulation": 0.4674489200115204,
        "q_hubris_dominance": 0.5134794116020203
      },
      "q_manipulation": {
        "q_malevolence": 0.4674489200115204,
        "q_manipulation": 1.0,
        "q_hubris_dominance": 0.38511306047439575
      },
      "q_hubris_dominance": {
        "q_malevolence": 0.5134794116020203,
        "q_manipulation": 0.38511306047439575,
        "q_hubris_dominance": 1.0000001192092896
      }
    },
    "10": {
      "q_malevolence": {
        "q_malevolence": 1.0,
        "q_manipulation": 0.461869478225708,
        "q_hubris_dominance": 0.5241104364395142
      },
      "q_manipulation": {
        "q_malevolence": 0.461869478225708,
        "q_manipulation": 1.0,
        "q_hubris_dominance": 0.4154496192932129
      },
      "q_hubris_dominance": {
        "q_malevolence": 0.5241104364395142,
        "q_manipulation": 0.4154496192932129,
        "q_hubris_dominance": 1.0
      }
    },
    "11": {
      "q_malevolence": {
        "q_malevolence": 1.0000001192092896,
        "q_manipulation": 0.4947647154331207,
        "q_hubris_dominance": 0.5489357709884644
      },
      "q_manipulation": {
        "q_malevolence": 0.4947647154331207,
        "q_manipulation": 1.0,
        "q_hubris_dominance": 0.4300355911254883
      },
      "q_hubris_dominance": {
        "q_malevolence": 0.5489357709884644,
        "q_manipulation": 0.4300355911254883,
        "q_hubris_dominance": 1.0
      }
    },
    "12": {
      "q_malevolence": {
        "q_malevolence": 1.0000001192092896,
        "q_manipulation": 0.5535237789154053,
        "q_hubris_dominance": 0.5557307004928589
      },
      "q_manipulation": {
        "q_malevolence": 0.5535237789154053,
        "q_manipulation": 1.0,
        "q_hubris_dominance": 0.46089068055152893
      },
      "q_hubris_dominance": {
        "q_malevolence": 0.5557307004928589,
        "q_manipulation": 0.46089068055152893,
        "q_hubris_dominance": 1.0000001192092896
      }
    },
    "13": {
      "q_malevolence": {
        "q_malevolence": 1.0,
        "q_manipulation": 0.5643694400787354,
        "q_hubris_dominance": 0.5589625239372253
      },
      "q_manipulation": {
        "q_malevolence": 0.5643694400787354,
        "q_manipulation": 1.0,
        "q_hubris_dominance": 0.44406455755233765
      },
      "q_hubris_dominance": {
        "q_malevolence": 0.5589625239372253,
        "q_manipulation": 0.44406455755233765,
        "q_hubris_dominance": 1.0000001192092896
      }
    },
    "14": {
      "q_malevolence": {
        "q_malevolence": 1.0,
        "q_manipulation": 0.5740705728530884,
        "q_hubris_dominance": 0.5534238815307617
      },
      "q_manipulation": {
        "q_malevolence": 0.5740705728530884,
        "q_manipulation": 1.0,
        "q_hubris_dominance": 0.4336598813533783
      },
      "q_hubris_dominance": {
        "q_malevolence": 0.5534238815307617,
        "q_manipulation": 0.4336598813533783,
        "q_hubris_dominance": 1.0
      }
    },
    "15": {
      "q_malevolence": {
        "q_malevolence": 1.0,
        "q_manipulation": 0.5838258862495422,
        "q_hubris_dominance": 0.5783436894416809
      },
      "q_manipulation": {
        "q_malevolence": 0.5838258862495422,